komentar,final_cleaned,label_manual,label_llm
Kalau berani review nastar saya Umma Delight namanya kak Tasyi,berani review nastar delight nama tasyi,positive,positive
Itu mochi China mungkin ada yang jualan di Indonesia tapi yang di Cina nggak pakai kelapa cafe ada juga sih sekarang yang PS3 Jakartanya,mochi china jual indonesia cina pakai kelapa cafe jakartanya,neutral,positive
Ke GBK kak ada pucuk culinary festival loh cuma 2 hari aja,pucuk culinary festival,neutral,positive
Ini dinda sih pemanisnya â¤,dinda,neutral,neutral
"Suami orang Hakka ya ci, mertua masaknya Pak Cham Kee, Bakmi goreng kucai dan Hipiao sama dengan keluargaku",suami orang haka mertua masak cham bakmi goreng kucai hipiao keluarga,neutral,positive
"Heran orang-orang selalu bilang ga pake mecin sehat, lah tepung sama minyak yg dimakan kan ga sehat,kenapa yg disalahin mecin Mulu ğŸ˜…",heran orang orang bilang pake mecin sehat tepung minyak makan sehat disalahin mecin mulu,negative,positive
Dikirain jessica jane berhijab ğŸ˜‚,dikirain jesica jane hijab,neutral,positive
Pecel nya halal gak sih,pecel halal,neutral,positive
Yg enak keknya yg roti O doang deh ğŸ˜¢ğŸ˜¢ğŸ˜‚,enak roti,neutral,positive
24 jam makan makanan masakan sendiri seruu kaya nyaaaa,makan makan masakan seru,positive,positive
"Suka banget sama konten ka tasyi, tapi aku gedek banget sama 3 cincin yang dipake ka tasyi saat makanan, bawaanya emosi aja gitu kuran enak dilihat padahal reviewnya uda bagus",suka banget konten tasyi gedek banget cincin dipake tasyi makan bawanya emosi enak reviewnya bagus,positive,positive
Ada ya orang yang suka sarden ğŸ¤¡ğŸ˜¨,orang suka sarden,positive,positive
"udah lupaa sama sipak haji,malah diingetin lagiii",lupa sipak haji dingetin lagi,neutral,positive
Kakkkk cobain uburÂ² yg lagi viral dong,cobain ubur viral,neutral,positive
eh aku kira cici Korea ternyata ka velia,cici korea,negative,positive
Mana ini videonya lagi kaka udah 6 hari ğŸ˜¢ğŸ˜¢ğŸ˜¢,video kaka,positive,positive
"Bakso fav gw sih Samrat, sampai skrng belum nemu bakso se enak Samrat...Seminggu bisa 2 - 3 kali gw makan bakso samrat kelapa gading saking udah cocok mah selera gw",bakso samrat nemu bakso enak samrat mingu kali makan bakso samrat kelapa gading saking cocok selera,negative,positive
fried chicken master penyelamat ku di taiwanğŸ’—ğŸ¥°ğŸ‡¹ğŸ‡¼ karna mereka halal,fried chicken master selamat taiwan karna halal,neutral,positive
Btw harga rasberi nya berapa kakğŸ˜… penasaran?,ngomong ngomong harga rasberi penasaran,neutral,neutral
coba kak masak telor pake tevlon,coba masak telor pake tevlon,neutral,positive
Nonton pas mkan doangğŸ˜‚,nonton mkan doang,neutral,positive
Mertua pandai masak juga kk,mertua pandai masak,neutral,positive
nonton sambil makan sayur bayemğŸ˜­ mood banget konten ka pebby,nonton makan sayur bayem banget konten peby,positive,positive
Mangan neh,mangan,neutral,positive
"Siapa yang udah pernah cobain salah satu makanan ini? Tulis di komen ya Geng Kuliner â€” menurut kamu worth it gak sih dengan harga segitu? ğŸ˜±
Jangan lupa LIKE video ini & SUBSCRIBE buat bantu Ka Tasyi terus review jujur makanan viral lainnya! ğŸ´âœ¨",cobain salah makan tulis komen geng kuliner worth harga segitu lupa like video subscribe bantu tasyi review jujur makan viral,neutral,positive
Cobain bakso maudy dong,cobain bakso maudy,neutral,positive
"katanya lg di aspal, tp kol bisa order makanan",aspal order makan,negative,positive
Nyai mercon parah si enak banget,nyai mercon banget enak banget,positive,positive
malaahh lebihh seruu kalo di recokin bpcilllğŸ˜‚ğŸ˜‚â¤â¤â¤,malah lebih seru recokin bpcil,positive,positive
Cobain pentol cimod kak,cobain pentol cimod,neutral,positive
cii ko kaya gak suka ya sama mamanyağŸ˜¢,suka mama,positive,positive
Review tasyi telah menghemat uangkuuu,review tasyi hemat uangku,positive,positive
Sate padang enaknya pake lontong pical mbak. Atau ketoprak,sate padang enak pake lontong pical mbak ketoprak,neutral,positive
Ayam goreng kremes â¤â¤â¤â¤,ayam goreng kremes,neutral,positive
kak review barang unik lagi,review barang unik,positive,positive
Kak bikin review gini lagiiiiiiikiii sukak bangedddd,bikin review lagiki sukak banged,positive,neutral
"Kesukaanku banget indomie gr Aceh ini,kayak samyamg kw ğŸ˜…ğŸ˜…",suka banget indomie aceh kayak samyamg,positive,positive
"Video kak tasyi ada yg battle bakpia ngga ya, ku cariÂ² ko ngga nemu",video tasyi batle bakpia cari nemu,positive,neutral
"Indomie sambel ijo please udh gak ada di sini,enak bangettt padahal ğŸ˜­",indomie sambel tolong enak banget,positive,positive
Cobain challenge sour blacdeath ka pebb,cobain chalenge sour blacdeath,neutral,positive
"SETUJU banget dan aku udah test beberapa makanan yang di review tasyi dan gapernah ada yang zonk, apa yang dia bilang di channel youtube dan kenyataannya itu benar. 5 dari 10  makanan yang di review tasyi itu sama dengan selera aku. jadi klo menurut aku selera tasyi masih relevan sama selera rakyat indonesia pada umumnya.  bisa jadi benchmark sih ini channel klo nyari reverensi makanan",tuju banget test makan review tasyi gapernah zonk bilang chanel youtube nyata makan review tasyi selera selera tasyi relevan selera rakyat indonesia benchmark chanel nyari reverensi makan,positive,neutral
Kak coba 24 jam makan yang manis - manis udah sascreb,coba makan manis manis sascreb,neutral,positive
Salfok sm outfit kakak.... spill gamisnya kaaaakkk,salfok outfit kakak spil gamis,positive,positive
cobain pecel strawberry,cobain pecel strawbery,neutral,positive
Kayaknya aku salah nonton deh,kayak salah nonton,neutral,positive
tasyii make upnya bagus banget. cocok make up gini plisss pertahanin.,tasyi make upnya bagus banget cocok make plis pertahanin,positive,positive
"You don't wanna go panther Saturday.Youngbloo's mass don't like anyone kicking , aren't ya likeğŸ˜‚",panther saturday youngblo like anyone kicking aren like,neutral,neutral
Ciyumi,ciyumi,neutral,positive
KA tasyi cobain resto punya Pras teguh,tasyi cobain resto pras teguh,neutral,positive
Itu permen lawas rambut nenek,permen lawas rambut nenek,neutral,positive
Kak cobain basreng estetok by trisha zia,cobain basreng estetok trisha,neutral,neutral
endingnya 22:08 aku langsung yes rafa akhirnya perbuatan mu setimpal dengan perbuatan mu kepada Rafi rafa ğŸ˜€ğŸ˜€ğŸ˜€ğŸ˜€â¤â¤ğŸ˜¢ğŸ˜‚ğŸ˜¢ğŸ˜‚ğŸ˜‚ğŸ˜‚ğŸ˜‚â¤ğŸ‰ğŸ‰ğŸ‰,endingnya langsung rafa buat timpal buat rafi rafa,negative,neutral
Ka tasyiii udah pernah review baso frozen gitu gasi??? Kaya baso sony atau baso bahari rame banget ditiktok,tasyi review baso frozen baso sony baso bahari rame banget ditiktok,positive,positive
"Mood banget kalo liat kak pebbi ,cobain aneka latiao dong kakâ¤â¤",banget liat pebi cobain aneka latiao,positive,positive
24jam makan di cgv ci jane!!!,24jam makan jane,neutral,positive
wkwkkwk lucu banget pas komen donat pinkan yg item sama donat aneh ci mehong WGYWGWGW,wkwkwk lucu banget komen donat item donat aneh mehong wgywgwgw,positive,positive
"Blm pernh mkn odeng sma topoki g tau rsya kya gmna,ğŸ˜‚ğŸ¤­",pernh odeng topoki rsya gmna,neutral,positive
kaa lucu banget ngeliat dinda ada disitu ğŸ˜‚,lucu banget ngeliat dinda situ,positive,positive
Tutorr pliss makan sembarang an tpii GK gemukk,tutor tolong makan sembarang gemuk,neutral,positive
bakso maudy kakkk cobain,bakso maudy cobain,neutral,positive
Ngefens buanget sama kak tasyi,ngefens buanget tasyi,positive,positive
"Kakaknya review jujur kalo blng cheese cake Holland ga berasa kejunya, mnrtku juga gitu dan cenderung kek soft cake biasa",kakak review jujur blng chese cake holand keju mnrtku cenderung soft cake,positive,positive
"Neztizyen serba salah bgt, perasaan gw nonton biasa2 aja dah. Eng cara reviewnya kaya gt, kalo mo nonton yg spesifik bgt nonton yg lain cobaa.",neztizyen serba salah nonton biasa2 reviewnya nonton spesifik banget nonton coba,positive,neutral
"Gapapa kok walaupun adaa bocill, serruu aja gituuuğŸ˜‚â¤",gapapa bocil seru gitu,positive,positive
Ci mehong aja segitu 150 rebu.. si pinkan ngapa dihujatğŸ˜‚ğŸ˜‚,mehong segitu rebu ngapa hujat,neutral,neutral
REVIEW BATTLE SARDEK KAK !!!!!!â¤,review batle sardek,neutral,positive
Yummy,yumy,neutral,positive
Demi apa sihhh chikuro tuh emg seenak ituuuu ibuku sampe ketagihan loh,chikuro enak sampe tagih,positive,positive
Gw yg gk pernah liat di fyp: ğŸ—¿,liat,positive,positive
Boikot kk,boikot,neutral,positive
Padahal matcha enak lohh kak,matcha enak,neutral,positive
Kak tasyi bettle baso aci dong dan nugget ğŸ¥°,tasyi betle baso nuget,positive,positive
"bng roti sweety nya iput bng,,..
pasti enak dan sehat..ğŸ˜­",roti swety iput enak sehat,positive,positive
kakk cobain cimoot nya maudy tikktokk,cobain cimot maudy tiktok,neutral,neutral
1:31 kaget ada 2 jessica jane,kaget jesica jane,neutral,neutral
Gw pernah~ suka minuman di tempat a tapi makanan nya suka nya di tempat b ğŸ˜‚ğŸ˜…,suka minum makan suka,positive,positive
kak tolong dong plisssssğŸ˜Š makan emoji ini ğŸ¥ªğŸŸğŸ¥“ğŸ¢ğŸ‚ğŸ«ğŸ¦ğŸ¥›,tolong plis makan emoji,neutral,positive
Battle Lapis Legit kayaknya seru kak,batle lapis legit kayak seru,neutral,positive
Ngilerr ciiii astagaa pgn makan babi juga wkwkwk ğŸ˜‚,ngiler astaga makan babi wkwkwk,positive,positive
Apa karna kikir ya bolu 80 k mahal,karna kikir bolu mahal,negative,positive
suka bgt penjelasan rasanya selalu detaill,suka banget jelas detail,positive,positive
hayuu kakk review umkm lagiii yang bisa dibeli di online shop,hayu review umkm lagi beli online shop,negative,neutral
DINDAA GEMES BGT HAHAHAHAHAHğŸ˜­ğŸ¤ğŸ»,dinda gemes banget hahahahahah,positive,positive
"1:33 eh aku sesuka itu samaa kue nagasakiiğŸ˜­
menurut ku enak banget",suka sama nagasaki enak banget,positive,positive
Mending fast track ke Dufan dah gua mah ğŸ˜‚ğŸ˜‚ğŸ˜‚,mending fast track dufan,negative,positive
Yg jujur jg ci'ğŸ˜‹ğŸ‘ŒğŸ‘ŒğŸ‘Œ,jujur,positive,positive
ci mkn reddog 24 jmmmm,redog,neutral,positive
Aku biasanya pakai jamur itu pas bikin sup. Putih kenyal sih emg ğŸ˜…,pakai jamur bikin putih kenyal,negative,positive
revieww cimood nya maudy kakk,review cimod maudy,neutral,neutral
cobain ayam bawang putih goreng yang lagi viral ka indiraaaaâ¤â¤,cobain ayam bawang putih goreng viral indira,neutral,positive
"Fried Chicken Master emg gokils sih bisa geser posisi Fried chicken yg lainnya di lidah gue. Dan satu selera sama Tasyi, untuk KFC original ada tempa tersendiri buat kulitnya, jd tergantung lagi mau yg mana. Gabisa milih!
Udh langganan bgtttt dari 2019-2020 deh kyknya.
Jd gasabar pgn cobain chikuro next klo ada kesempatan",fried chicken master gokils geser posisi fried chicken lidah selera tasyi original tempa sendiri kulit gantung gabisa milih langan 2019 2020 kyknya gasabar cobain chikuro next sempat,neutral,neutral
"Tapi itu gulai bukan kari makanya gak pake daun kari kakğŸ˜­, di medan gitu memang",gulai kari pake daun kari medan,negative,positive
Battle teh solo jalanan dongg,batle solo jalan dong,neutral,positive
semangat kak ğŸ˜ğŸ˜,semangat,positive,positive
gigi,gigi,negative,neutral
Vidio + drama nya dinda wkwkwkğŸ˜‚ğŸ˜‚,vidio drama dinda wkwkwk,negative,positive
Cii cobain kerupuk kulit 4 toples cii,cobain kerupuk kulit toples,neutral,positive
"Ci saran dari aku kamera nya deketin lagii, ini kejauahan bgt apa lagi pas duduk, jadii gak terlalu jelas videonya",saran kamera deketin lagi kejauahan banget duduk jadi video,positive,positive
Kak roti o itu kakak aku yang jualğŸ˜Š,roti kakak jual,neutral,positive
Halo,halo,neutral,neutral
Kak tasyi udh cobain udang balado nya la rimba blm,tasyi cobain udang balado rimba,positive,positive
Kak febi cobain makan pisang ijo yang virallâ¤â¤,febi cobain makan pisang viral,neutral,positive
padahal sebelum viral luk chup di jajanan pasar indo ada kue yg sejenis gitu jg yg dibentuk cabe mini gitu wkwk lupa namanya,viral chup jajan pasar indo jenis bentuk cabe mini wkwk lupa nama,neutral,neutral
Dimana belinya,mana beli,neutral,neutral
"Halo ka, boleh kasih tau ga cara pesan marugame udon itu gimana hehe? 
Untuk aku yang baru pertama kali mau ke marugame udon ğŸ˜Š",halo kasih pesan marugame udon gimana hehe kali marugame udon,neutral,positive
Cara BlLiNya Kya Bgitu Gmana??,blinya gmana,neutral,positive
cobain donatnya pinkan mambo dong kaağŸ˜Š,cobain donat mambo,neutral,positive
Cici mirip ci CIA ğŸ˜­ğŸ˜­,cici,positive,positive
ciiii kuliner di pekan raya Jakarta,kuliner pekan raya jakarta,neutral,positive
cobain reddog kak,cobain redog,neutral,positive
Kak coba Spil link pashmina nyağŸ™ğŸ»,coba spil link pashmina,neutral,neutral
"Gak puasa ya,ğŸ˜‰ğŸ˜‰ğŸ˜‰ğŸ˜‰",puasa,neutral,positive
"nah gini dong kalo riview makanan duduk dlu sampet liat vidio kmren""dulu sampe kurang shrek gitu liatnya saran aja kağŸ˜Š",riview makan duduk sampet liat vidio kmren sampe shrek liat saran,positive,neutral
"""rumah aku di aspal""",rumah aspal,neutral,positive
Sedapnya,sedap,neutral,positive
cantik bgttt kak tasyii masyaAllahh,cantik tasyi masyalah,positive,positive
Huruf A,huruf,neutral,neutral
Kak saya lagi puasa jangan bikin laper,puasa bikin laper,neutral,positive
ka cobain cabe bendot dong,cobain cabe bendot,neutral,positive
Tim martabak teLor,martabak telor,neutral,neutral
"aku rasa, pas bikin jalur fast track, mba PM gak pake itung2an, langsung tembak 2 juta mumpung ada yg bisa dimanfaatinğŸ˜‚",bikin jalur fast track pake itung2an langsung tembak juta mumpung dimanfatin,negative,positive
udah 12 hari ga uploadğŸ¥²ğŸ˜­ğŸ˜­,upload,positive,neutral
Mengulang video ini cuman buat liat dinda hahahaha ucul bangettt ğŸ˜­ğŸ’™,ulang video cuman liat dinda hahahaha ucul banget,positive,positive
Njirrr padahal udah bayar donatnya tapi Pinkan ga niat jualan,njir bayar donat niat jual,negative,positive
Tim makan bakso cuma sambel aja. Biar ga ilangin rasa ORI nya.. makan mie ayam bahkan gapake apa apa nikmatin rasa ORI nya,makan bakso sambel biar ilangin makan ayam gapake nikmatin,negative,positive
"kak reting coklat dubai yg murah' dong, yg banyak di jual di tktok yg murah' itu loh kak",reting coklat dubai murah jual tktok murah,neutral,positive
Sekarang Ada nggak Cici dah Bulan Juni ni school holidays â¤â¤â¤â¤â¤ğŸ˜ŠğŸ˜ŠğŸ˜ŠğŸ˜Š,cici juni schol holidays,positive,positive
"Sourdough ham and cheesenya ce Jacqueline itu jualan tiktokers yang paling bikin aku ngiler, yaAllah jadikan aku orang tajir biar bisa beli sourdough ham and cheese tiap mingguğŸ˜‚ğŸ˜‚",sourdough chesenya jacqueline jual tiktokers bikin ngiler yalah jadi orang tajir biar beli sourdough chese mingu,negative,positive
Wah mantul banget mbağŸ¤¤ğŸ¤¤,mantul banget,positive,positive
ngilerr bgt sama bakso kejuuğŸ˜,ngiler banget bakso keju,positive,positive
Cobain dimsum mentai narawi @ gelia linda dong ka,cobain dimsum mentai narawi gelia linda,neutral,positive
Gak pernah liat suami nya kemana??,liat suami mana,neutral,positive
Bang coba colab sama mas yangun,bang coba colab yangun,negative,positive
Aku malah lebih suka kalau Dinda atau Kay masuk frame nambah lucuuu vidionya dan mereka gemasss sekaliiiiiiiiâ¤â¤,suka dinda masuk frame nambah lucu vidionya gemas sekali,positive,positive
Kak aku pernah chitato di kremes trs kasi nasi,chitato kremes kasi nasi,neutral,positive
oooouuu kak shadira udah ada risolnyaaaa baru tauu,shadira risolnya,neutral,positive
Cobain minumanpoint coffe indomaret,cobain minumanpoint cofe indomaret,neutral,positive
"sebagai food vlogger di Youtube Tasyi is the best food reviewer, opininya ga kaleng2, bahkan dia kasih masukan jika ada yg kurang.",vloger youtube tasyi best reviewer opini kaleng2 kasih masuk,positive,positive
Kecap nya belum diaduk kak,kecap aduk,neutral,positive
cobain dimsum mentai pls kak,cobain dimsum mentai tolong,neutral,positive
Ini gulai bukan cari cuy...bisa bedain gak sich ni orang...,gulai cari bedain sich orang,negative,positive
Gua lagi puasa,puasa,neutral,positive
Bento nya Cece acid juga viral kakğŸ˜¢,bento cece acid viral,neutral,neutral
Salfok sama baju2 gamis kembang2 yg sering sipke kakk .spill beli dmna kakğŸ˜¢,salfok baju2 gamis kembang2 sipke spil beli dmna,negative,positive
kak cobain udang tofu nya larimba,cobain udang tofu larimba,neutral,positive
"Beda dua bulan g ngaruh""ğŸ—¿",beda ngaruh,negative,neutral
Tim ngiler,ngiler,positive,neutral
Kak tasyiii toturial make up nya dong bagus bgt freshhğŸ˜Š,tasyi toturial make bagus banget fresh,positive,positive
Kak tasyi cobain sosis mamalelo,tasyi cobain sosis mamalelo,positive,positive
Lapis legit mau imlek banyak yg viral...,lapis legit imlek viral,neutral,positive
Aku cuba makan buah nama depan B,cuba makan buah nama,neutral,positive
Dendeng tuh emang enak bangettttttâ¤â¤,dendeng emang enak banget,positive,positive
Enak banget mau dong,enak banget,positive,positive
kak tasyi cantikk banget,tasyi cantik banget,positive,positive
Suku India sidhi,suku india sidhi,neutral,positive
Salfok cardigannya ğŸ˜,salfok cardiganya,positive,positive
mampir ke tanjung duren ka jakarta barat seafoodnya punya ibunya gedehidayah itu enak banget jangan lupa coba,mampir tanjung duren jakarta barat seafodnya gedehidayah enak banget lupa coba,neutral,positive
Yutuber ter fav itu kak pebby ...  Slalu mantengin konten2 kak pebby ... Pokonya suka bnget sama kak pebbyâ¤,yutuber peby slalu mantengin konten2 peby poko suka bnget peby,positive,positive
Banyak bwng putih nya ga kebayang rasanya,bwng putih bayang,negative,positive
Itu bukan lobster kak tapi crawfish. Menyesatkan emang branding produk nya,lobster crawfish sesat emang branding produk,neutral,positive
Lawson emang seenak itu ğŸ˜­,lawson emang enak,neutral,positive
Aku kalau makan suka nonton nanakoot,makan suka nonton nanakot,positive,positive
Kak beli dmna bajuny,beli dmna bajuny,negative,positive
Lemper enak banget,lemper enak banget,positive,positive
Enak banget,enak banget,positive,positive
Aceh hadir telat ci feb ğŸ˜,aceh hadir telat,neutral,neutral
1:32 aku pernah coba dan seenak ituğŸ˜­ğŸ’—,coba enak,neutral,positive
review donat bahagia yang di bintaro dong ka,review donat bahagia bintaro,negative,positive
selalu nonton bg raviee pas lagi makanğŸ¥°,nonton ravie makan,positive,positive
Mie goreng Aceh enak bgt pils,goreng aceh enak banget pils,neutral,positive
"guys yg nanyain abg gojeknya lewat mana, itu lewat samping jalan yg belum di aspal ya wwkkw, jdi ntar ak jemput jln kaki lewat pinggir parit wkwk, knp ak gabisa keluar krn mobil & motorny di dalem pagar ya gabisa keluar dongğŸ¤£",guys nanyain gojek samping jalan aspal jemput kaki pingir parit wkwk gabisa mobil motorny dalem pagar gabisa,neutral,neutral
COBAIN DIMSUM JINJI GAA â—,cobain dimsum jinji,neutral,positive
Nama temen kakak kayak nama adek aku linggağŸ˜ŠğŸ˜…,nama temen kakak kayak nama adek linga,neutral,neutral
sukaa bgt konten kamu ka semangat terussğŸ’—,suka banget konten semangat terus,positive,positive
"Aku suka banget bg lihat km makan kapan kapan aku ke solo deh tapi agak jauh 
Jogja solo ğŸ˜…",suka banget lihat makan solo jogja solo,positive,positive
ada penglarisğŸ˜ğŸ˜,laris,neutral,positive
Ngiler banget lihat kakak makan ğŸ¤¤ğŸ¤¤ğŸ¤¤,ngiler banget lihat kakak makan,positive,positive
Kak tasyi tolong battle lagi.. saus keju kak,tasyi tolong batle saus keju,neutral,positive
"sekarang extra hati hati ya kak... dalam setiap kata yang akan kamu keluarkanğŸ˜­ğŸ˜­, the power of hujatan netizenğŸ™‚ğŸ™‚",extra hati hati keluar power hujat netizen,neutral,positive
Yang kutunggu-tunggu menu lebaran nya kak.,tungu tungu menu lebaran,neutral,neutral
Raviiiieeee â¤,ravie,positive,positive
Ngiler bro,ngiler,positive,neutral
ka tasyiii review bakso mozzarella cimood punya kak maudy yg viral di tiktok,tasyi review bakso mozarela cimod maudy viral tiktok,negative,positive
Ngapain bete,ngapain bete,negative,positive
Makan ayam rasa dagingnya anak palestina gak sih kak???,makan ayam daging anak palestina,neutral,positive
aku sukanya sangbrut bangğŸ—¿,suka sangbrut bang,positive,positive
"Ini yang mau cerai ya? "", padahal cantik banget",cerai cantik banget,positive,positive
Cobain markibok punya Mamut kakk,cobain markibok mamut,neutral,positive
Teh oolong beli dmn ya? Menurut aku teazzi biasa aja enakan chagee,olong beli teazi enak chage,neutral,positive
"yang lain harganya normal, tapi risolnya benar-benar overpricedğŸ˜­ğŸ’” bayangin beli risol di UMKM/pasar 80rb udah dapat puluhan pcs, di kak shadira cuma 8.",harga normal risolnya overpriced bayangin beli risol umkm pasar 80rb puluh shadira,neutral,positive
gue yang baby blues,baby blues,neutral,neutral
15 jutağŸ˜¢,juta,neutral,positive
"Udh lama juga, gk makan sayur oyong ğŸ˜…ğŸ˜‚ sayuran kesukaan ku juga ğŸ˜Š",makan sayur oyong sayur suka,positive,positive
Ka tasyi cobain ubi yakon,tasyi cobain yakon,positive,positive
Ngakkkak bgt liat dindaaa core,ngakak banget liat dinda core,positive,positive
"Kak tasyi review makanan yg aku jual doang...
Aku kasih gratis aja buat kak tasyi.

Produk yg aku jual 
- kentang mustofa 
- sambel cumi
- donat topping
- cireng isi",tasyi review makan jual doang kasih gratis tasyi produk jual kentang mustofa sambel cumi donat toping cireng,positive,positive
"indomie aceh enk kok, enk bgt malah, yg blng rasa kalajengking emng dia udh pernah makan kalajengking ampe blng indomie nya rasa kalajengking",indomie aceh banget blng kalajengking emng makan kalajengking ampe blng indomie kalajengking,positive,positive
"Wah dah spt ini y food court Mall Ambassador, bagus banget.. Terima kasih Ci dah review mkn d siniğŸ™
Dl wkt blum ada Mall Kota Casablanca, hampir tiap hari pasti k sini, ada j yg d cari/ d butuhkan. Klo capek, mkn d food court lt 4, mkn annya enak2+ harga terjangkau dgn dompet pelajar. Sekarang namanya bkan food court  tp food District y ? jd ingin ksana lg..",court ambasador bagus banget terima kasih review blum kota casablanca cari butuh capek court anya enak2 harga jangkau dompet ajar nama bkan court district ksana,positive,positive
kenapa mukanya sama dengan cici korea,muka cici korea,negative,neutral
Tim yg tetep nonton apapun yg terjadi ğŸ™ŒğŸ¼,tetep nonton,positive,positive
bjir yang 95K.. banyak harga yang murah dan lbh bagus bentuknya,bjir harga murah bagus bentuk,neutral,positive
Enak tuh,enak,neutral,positive
Battle donat aja ga siiiii ğŸ˜‚,batle donat,neutral,positive
"kaa,buatt konten review makanan content creator dongg, kann yg kemarin makanann artiss",buat konten review makan content creator dong kemarin makanan artis,negative,neutral
Orang kok makannya enak enak terus ya q jga mau,orang makan enak enak,neutral,positive
Mbala cobain seblak instan tiktokers juga,mbala cobain seblak instan tiktokers,neutral,positive
kacobain dimsum jinji,kacobain dimsum jinji,neutral,positive
Ngiler liat jualan ci mehong tapi sygnya jauh bgtğŸ˜¢,ngiler liat jual mehong sygnya,neutral,neutral
"Kak review cake yang isian buah"" itu lo yang pernah direview ci meimei",review cake buah direview meimei,negative,positive
kak aku kasih saran...mendingan kakak beli es krim nya di xiyue soalnya di sana ada topping popcorn nya lhoo,kasih saran mending kakak beli krim xiyue toping popcorn,positive,positive
Basreng 24 dkit,basreng dkit,neutral,neutral
Nugget terenak menurutku nuggetnya superindo. Kalo royal gold blm pernah coba soalnya,nuget enak turut nugetnya superindo royal gold coba,neutral,positive
"review plus ilmu sih buat para konsumen, kalau makan apa pun harus cek tanggal produksi dan expired",review plus ilmu konsumen makan tangal produksi expired,negative,positive
"Ci jane, saran aku bagusan rambutnya di rapiin sih, kayak di kuncir atau gmn gtuğŸ˜¢",jane saran bagus rambut rapin kayak kuncir,positive,positive
Kok muka nya kaya cia ya temen yang meisse,muka temen meise,negative,positive
Kak teman aku suka sama kakak namanya aroyan,teman suka kakak nama aroyan,positive,positive
"Nasi kuning mah pake ayam, telor, tahu, bumbu habang",nasi kuning pake ayam telor bumbu habang,negative,positive
kaa spill baju yang dipake,spil baju dipake,neutral,positive
Kak Tasyi review makanan dan minuman dari kak Emil,tasyi review makan minum emil,positive,positive
kak kyanya lobster nya harus digoreng dulu lagi deh,kyanya lobster goreng,neutral,positive
Kangen konten battle â¤â¤â¤,kangen konten batle,neutral,positive
Sama donat,donat,negative,positive
kak feby itu gelasnya beli di mana ya suka mau belijuga terus nama gelasnya apa,feby gelas beli suka belijuga nama gelas,positive,positive
coba saja d dunia nyata ad suami model gitu,coba dunia nyata suami model,neutral,positive
Wah keren banget,keren banget,positive,positive
recook dimsum kejunya dong ka tasyii 11:13,recok dimsum keju tasyi,neutral,positive
Ketek lu tuh cukurr,ketek cukur,negative,positive
Mitos ojol terbang itu nyatağŸ˜Ÿ,mitos ojol terbang nyata,neutral,positive
"Itu yg putri mandi itu, yg ijonya kaya klepon kaa",putri mandi ijonya klepon,neutral,positive
Adakah yang sama kaya aku yang ngga suka sayur oyong ğŸ™‚,suka sayur oyong,positive,positive
Ka cobain bakso icung ka,cobain bakso icung,neutral,positive
"sama lagii ga pduli merek ap kalo baso keju mah gassskeun!
bjirrr 95rb lukchup?? eduannn",lagi pduli merek baso keju gaskeun bjir 95rb lukchup eduan,neutral,positive
"Yang lagi viral sekarang :
lumpia jebew idijafar, bakso cimood, ommane tteokboki, kimbap essel sama ommane, mie gacoan lv 9, lapis legit. Bisa cobain ini kakk",viral lumpia jebew idijafar bakso cimod omane teokboki kimbap esel omane gaco lapis legit cobain,neutral,neutral
rasgula itu terbuat dari susu permentassi ka bukan dari keju kalo yang gulab jamun itu di goreng dulu baru di siram air gula enak loh sama kopi pait minum nyh,rasgula buat susu permentasi keju gulab jamun goreng siram gula enak kopi pait minum,neutral,positive
Bagilah gw melet,bagi melet,negative,positive
"Ci febbb spill lipcreamnya dong
Kok msh stain pisan wkwk",spil lipcreamnya stain wkwk,neutral,positive
WIII KAKAKKK GERCEPP BANGETTğŸ˜­ğŸ˜­ BTW MANGATT ğŸ˜ƒğŸ˜ƒ,kakak gercep banget ngomong ngomong mangat,positive,positive
"tpi itu bukan putri mandi kak, putri mandi gak ada isinya cuman yg ijo sama putih santen ya doang",putri mandi putri mandi cuman putih santen,neutral,neutral
Lingga nama ayah kuğŸ™ğŸ»ğŸ˜­ğŸ˜­,linga nama ayah,neutral,positive
makan serba matcha dong ka feby,makan serba matcha feby,positive,positive
Kak cara belinya gimana kan jalan nya kan di aspalğŸ˜…ğŸ˜…,beli gimana jalan aspal,negative,neutral
Itu latio non halalğŸ˜‚,latio halal,neutral,positive
Kl aku kl lg pengen aj lbh seriğŸ˜Šng nonton demon,seri nonton demon,positive,positive
Make up di sini bagussss bgttt,make bagus,positive,positive
Yang terakhir itu udah halal blm sih?,halal,neutral,neutral
Cobain yang lagi viral kak roti celup,cobain viral roti celup,neutral,positive
"snack poppy + nasi enak kak, boleh dicoba",snack popy nasi enak coba,neutral,positive
taahu nya beli dmna plis mau nyobain:(,tahu beli dmna tolong nyobain,neutral,positive
24jam makan b2,24jam makan,negative,positive
Itu kayak nya ada kak shadira y,kayak shadira,neutral,positive
ci jane bikin house tour rumah baruu dong!!,jane bikin house tour rumah baru,neutral,positive
suka kontennyaa,suka kontenya,positive,positive
yangg chikuro kok bisa mahal bgt kaa ampe 50rb? di sini cuma 30k yg large,yang chikuro mahal banget ampe 50rb large,negative,positive
"Enak banget kak, semangat ya kontennya",enak banget semangat konten,positive,positive
Dimsum 86 kak tasyi,dimsum tasyi,neutral,positive
"Ya iyalah kopinya kagak rasa kecap, orang kecapnya ngendep semua di bawah kagak ke aduk gitu'-'",kopi kecap orang kecap ngendep aduk gitu,neutral,positive
"ciii ayo main among us lagi
ciii ayo main among us lagi
ciii ayo main among us lagi
ciii ayo main among us lagi
ciii ayo main among us lagi",main among main among main among main among main among,neutral,positive
Ka feeby cobain makanan viral lagi dong yg pisang ijo itu,feby cobain makan viral pisang,neutral,positive
ka tasyi cobain pentol cimod sama samyang stew,tasyi cobain pentol cimod samyang stew,neutral,positive
"next,cobain bento acid KAAKKKKğŸ˜­ğŸ™ğŸ˜™",next cobain bento acid,neutral,positive
"Ka Jessica makan 24 jam serba jagung ka ğŸŒ½
1. Bakwan jagung
2. Jasuke
3. Jagung rebus
4. Jagung bakar
5. Masak tumis jagung dengan ikan peda
6. Bikin mochi isi jagung ka

Makasih ka Jessica â¤",jesica makan serba jagung bakwan jagung jasuke jagung rebus jagung bakar masak tumis jagung ikan peda bikin mochi jagung terima kasih jesica,neutral,positive
Ka nyobain krupuk kemplang palembang yg ada sambel warna hitam nya tuh ka,nyobain krupuk kemplang palembang sambel warna hitam,neutral,positive
Kok makan nya pake tangan kiri sih,makan pake tangan kiri,negative,positive
odeng nya punya kantin KAI jarak jauh jg enak bgt harga ny 25rb,odeng kantin jarak enak banget harga 25rb,neutral,positive
Makasih cece selalu memginfokan kehalalan kulinernyaaaa.. â¤â¤â¤,terima kasih cece memginfokan halal kulinernya,positive,positive
"Lemper di toko roti crystal lebih mahal lagi kak, RP.12.000 atau lebih kalau gak salah, soal rasa enak banget juga sii menurut ku cobain juga deh kak tapi ukuran jauh lebih kecil dari yg kakak makan ini.",lemper toko roti crystal mahal salah enak banget cobain ukur kakak makan,neutral,neutral
Setuju bgt sama tasyi aku cobain udang larimba emg rasanya kurang bumbunya,tuju banget tasyi cobain udang larimba bumbu,positive,positive
cii kameranya jauh bgtt,kamera,neutral,positive
kak tasyii coba review tahu huha nya farida nurhan sama risol wagyuu dongg,tasyi coba review huha farida nurhan risol wagyu dong,neutral,neutral
Mantul,mantul,neutral,positive
12:15 keluar logat balinyağŸ˜‚,logat,negative,positive
bikin part part sepanjutnya dong kakk eps ini,bikin part part panjut,positive,positive
klo chitato sama nasi itu hack aku waktu di pondok kalo lagi bokek,chitato nasi hack pondok bokek,neutral,positive
Salah oh kakak,salah kakak,neutral,neutral
cmn d indo keknya snack d mkn pke nasiiğŸ¥°ğŸ—¿,indo snack nasi,neutral,positive
Itu kan gambas yak? Di tempatku sebutnya gambasğŸ¤­,gambas tempat gambas,neutral,neutral
Cobaa siomay jinji juga kaaa,coba siomay jinji,neutral,positive
"Sumpah, seblak itu kalo ga kerasa kencur ya bukan seblak njirrr. Ciri khas rasanya emg di kencur",sumpah seblak rasa kencur seblak njir ciri khas kencur,neutral,positive
"Bagus si kontennya, tapi cm mau ngasih saran kalo misal beli makanan sebelum ditambahin saus, kecap, dll dirasain saji in originalnya dan direview juga. Jadi, base bumbunya bisa ke review juga",bagus konten ngasih saran beli makan ditambahin saus kecap dirasain saji originalnya direview base bumbu review,negative,positive
Boeti slay,boeti slay,neutral,positive
cipuk nya digorengg duluu kakkğŸ˜­ğŸ˜­,cipuk digoreng dulu,neutral,positive
"Huiikkkk lihat makanan wuenak, jadi pingin dan kalirennn reekkk...ğŸ˜‚",huik lihat makan wuenak pingin kaliren,negative,positive
Kk cobain es pisang hijau yang lagi viral dongggğŸ˜Š,cobain pisang hijau viral dong,neutral,positive
"Kasih aku jajan dong Abang ajak aku jalan-jalan aku nggak pernah jalan-jalan Kak karena nggak punya duitğŸ˜”
ğŸ‘‡",kasih jajan abang ajak jalan jalan jalan jalan duit,negative,positive
Akhirnya up kak aku tiap hari bolak balik buka yt cuma mau liat konten kak peby huuuu,bolak buka liat konten peby,neutral,positive
"ngapain pada rebutan donat modelan begituan sih, pada demen bgt ngasih panggung",ngapain rebut donat model begitu demen banget ngasih pangung,negative,positive
ribet bgt jir donat doang ğŸ˜­,ribet banget donat,negative,neutral
Kalo latiao biasanya itu sumber rasa manisnya dari gula batu.,latiao sumber manis gula batu,negative,positive
spil bajunya kak,spil baju,neutral,positive
Cobain yang merk gedang gendhut kak itu pisang nya kres banget krispi,cobain merk gedang gendhut pisang kres banget krispi,neutral,positive
Selalu ngilerğŸ¤¤ğŸ¤¤ğŸ¤¤ğŸ¤¤,ngiler,positive,neutral
ka tasyiiii cobaaaaaa oomo bakery ka elwiana monica,tasyi coba bakery elwiana monica,neutral,positive
Jinjin dimsum kak,jinjin dimsum,neutral,positive
makan nasi  kuning biasanya aku pake tangan,makan nasi kuning pake tangan,negative,positive
Cobain bakso samrat kak,cobain bakso samrat,neutral,positive
"lucu banget dinda nawarin ibu vivi minum hahahaah. kebiasaan toddler bgt, satu minum semua minum",lucu banget dinda nawarin vivi minum hahahah biasa todler minum minum,positive,neutral
"Kaa maaf salfok, tutorial hijab dong kaa camtik gitu",salfok tutorial hijab camtik,positive,positive
Enak ya klo bnyk duit apa aja bisa makan enak,enak bnyk duit makan enak,positive,positive
pangsit nyai mercon dongggg,pangsit nyai mercon dong,neutral,positive
tahu kaget desa pen22 kec mundu kab cirebon,kaget desa pen2 mundu cirebon,negative,neutral
Kalau pesen makanan NY,makan,negative,positive
Masya Allah smoga sukses selalu kak amin panjang umurnya dilancarkan rezeki nya dimudahkan dalam segala urusan nya amin ya Allah ya Allah ya â¤ğŸ˜ŠğŸ‰sampai 30 Juta Subscriber aminn kak yaa,masya alah smoga sukses amin umur lancar rezeki mudah urus amin alah alah juta subscriber amin,positive,positive
"Dikasih kenikmatan dunia, jgn sampe lupa yaaa kk kodratnya ğŸ™",kasih nikmat dunia sampe lupa kodrat,positive,neutral
"Kak, apa pernah coba review produk2 es krim Indonesia? Belakangan ini sepertinya banyak merk es krim baru bermunculan seperti haku monaka, joy day, dsb ğŸ˜Š",coba review produk2 krim indonesia merk krim muncul haku monaka,neutral,neutral
Jadi KEINGET VIDEO NYA WKWKW YANG CIUMAN SAMA COWOğŸ¤£ğŸ¤£ğŸ¤£ğŸ¤£,keinget video wkwkw cium cowo,positive,positive
yang suka mindomi kumpul atu mi aceh,suka mindomi kumpul aceh,positive,positive
Pengen banget di sapa sama veliağŸ˜Š,banget sapa,positive,positive
Oelek = ulek ciğŸ˜‚,oelek ulek,neutral,neutral
"Sering"" dinda ngerusuh biar seruuğŸ˜‚",dinda ngerusuh biar seru,positive,positive
"Donat justru aku sukanya dikit aja isiannya, krn pengen makan donatnya, yg penting si donatnya, gimana Kak si donatnya enak ga? Misal tanpa isian",donat suka dikit makan donat donat gimana donat enak,negative,positive
kak di part berikutnya cobain MPASI BAYI BAJANG cece acid,part cobain mpasi bayi bajang cece acid,neutral,neutral
Terus kakak belinya lewat jalan mana,kakak beli jalan,negative,positive
Review udang tofunya hampir sma kyk kak ayu wisya,review udang tofunya wisya,positive,neutral
Risolnya 9rb/10rb mahal klo ukurannys sgtu.. Kyk harga kebab,risolnya 10rb mahal ukuranys sgtu harga kebab,negative,neutral
Baksonya mahal,bakso mahal,negative,positive
"Menurut ku ya, mie goreng Aceh itu kurang masuk di aku. Kayak aneh aja rasanya, terus aku paham kenapa tasyi bilang kalau mie Aceh itu rasanya kayak saus kalajengking. Kalo aku nangkepnya maksud dia tuh kayak mie yang di masukin rasa aneh aneh saus aneh aneh gitu yang asing di lidah.",goreng aceh masuk kayak aneh paham tasyi bilang aceh kayak saus kalajengking nangkepnya maksud kayak masukin aneh aneh saus aneh aneh asing lidah,negative,neutral
ramen terenak sepanjang masa emang seirockya ğŸ˜­ setelah cobain ramen ini itu pas makan seirockya pasti ga bakal bisa berpaling deh ğŸ˜­,ramen enak emang seirockya cobain ramen makan seirockya paling,neutral,positive
ğŸ˜‚ğŸ˜‚ğŸ˜‚ğŸ˜‚ğŸ˜‚ğŸ˜‚ MISKIN,miskin,negative,neutral
"Chili oil + minyak dri cirengnya, ya iya ci minyaknya bngt tu kuahğŸ¤£ğŸ™ğŸ»",chili minyak cirengnya minyak banget kuah,positive,positive
Pak supir bagian ngabisin ya ciğŸ¤£,supir ngabisin,neutral,positive
Ci menu spesial favorit incess diawali huruf R,menu spesial favorit inces awal huruf,negative,positive
Donat ka pingkan dong ka,donat pingkan,negative,positive
Bakso mozza kak punya nya kakak nya demian teh maudyy,bakso moza kakak demi maudy,neutral,positive
Aku suka banget ğŸ˜ŠğŸ˜ŠğŸ˜ŠğŸ˜ŠğŸ˜ŠğŸ˜ŠğŸ˜Š,suka banget,positive,positive
MOON GO YOUNG ADA MAMI JINJI JUGA / SHADIRAFIRDAUS,young mami jinji shadirafirdaus,neutral,neutral
Kak cobain samyang stew,cobain samyang stew,neutral,positive
coklat Tulip enak kak,coklat tulip enak,neutral,positive
Ci jane kayaknya bikin konten review jajanan warung jadul sama ko erwin seru deh,jane kayak bikin konten review jajan warung jadul erwin seru,neutral,positive
Usul coba review mie bangladesh nya ka paula verhouven dong ka tasyi,usul coba review bangladesh paula verhouven tasyi,positive,neutral
"Maminya cantik..
Ences mirip siapa ya",mami cantik ences,positive,positive
Ceban tu berapa ya,ceban,neutral,neutral
Lemper nya bikin ngiler jadi penasaran mo beli tapi jauh ğŸ˜®,lemper bikin ngiler penasaran beli,positive,positive
Sy tim mkan bakso pake kecap + saos ğŸ¤¤ğŸ¤¤,mkan bakso pake kecap saos,negative,positive
cobain mozarella susu dancow kak,cobain mozarela susu dancow,neutral,positive
kaa aku punya lenggannan baso keju dia harganya murah bgt kak cmn 11 ribu dan menurut aku itu udh enak bgt dngn harga 11 rb kejunya banyak dan rasa kejunnya itu udh gurih namanya baso kangen yg jualan ibu sama anaknya biasanya rame sepulang sekolah anak anak sekolah kak lokasinya di jakarta timur di jalan muara 3 kak,lenganan baso keju harga murah banget ribu enak banget dngn harga keju gurih nama baso kangen jual anak rame pulang sekolah anak anak sekolah lokasi jakarta timur jalan muara,neutral,neutral
Tasyi boleh donk bikin video cobain/battle Sushi2 murah (cth: sushi-yay / sushi-go) ğŸ™ğŸ»ğŸ˜‰,tasyi donk bikin video cobain batle sushi2 murah sushi sushi,positive,positive
nonton sambil makan ğŸ˜¸ğŸ˜¸,nonton makan,positive,neutral
cobain dimsum mentai dgn rating terburuk kaaa pasti ngiler bgtt tiap km makan apapun bikin aku laperr ğŸ˜­ğŸ˜­,cobain dimsum mentai rating buruk ngiler makan bikin laper,neutral,positive
Kak main among us lagi,main among,neutral,positive
"aku dri kalbar dan udh bertahun thun di ponti blm prng dngar,makan kue kentut dn aku smpe tnya kwan2 aku jg nggk tauğŸ˜‚ğŸ˜‚ atau beda namanya atau gmna wkkw",kalbar tahun thun ponti prng dngar makan kentut smpe tnya kwan2 beda nama,negative,positive
baso cimood pnya maudy dong mbala,baso cimod pnya maudy mbala,neutral,neutral
BATTLE RISOOOLLL!,batle risol,neutral,positive
Harga nya bang?,harga bang,negative,positive
"Seirock ya ramen asli enak bgt , lumayan mahal sih tapi rasanya emg seenak ituğŸ˜",seirock ramen asli enak banget lumayan mahal enak,neutral,positive
ci udh ciiii ngiler mulu liatnya kalo cici makanğŸ¤£,ngiler mulu liat cici makan,positive,positive
"13:42 kak, kalo makan pedes jangan minum sodağŸ˜‚ tambah pedes ğŸ˜­",makan pedes minum soda pedes,neutral,positive
Dibandung ada rochi. Roti mochi ğŸ˜…,bandung rochi roti mochi,neutral,neutral
Kasih link link nya dong kak mau juga cobain,kasih link link cobain,neutral,positive
24 jam makan serba macha kaaaa,makan serba macha,negative,positive
kak Ternyata ada yah gildak di Bali ğŸ˜®,gildak,neutral,positive
"Apa cuma perasaan gw aja ya, kaka ini mirip sama cici korea?ğŸ—¿ğŸ™",kaka cici korea,positive,positive
Ci Jacqueline emang pinter bikin kue dan jg roti sih.,jacqueline emang pinter bikin roti,neutral,positive
Alpok Ama smoth like butter ğŸ˜…,alpok smoth like buter,neutral,positive
Kak kok kakak menurut ku kakak mirip kak Rere ğŸ˜…ğŸ˜­,kakak kakak rere,neutral,positive
Pliss haha aku belajar apa itu ain itu dari sini makasih yaa kak tasyi udah ngajarin apa itu penyakit ain,tolong haha ajar terima kasih tasyi ngajarin sakit,positive,neutral
Pindah rumah lagi kah? Atau dapurnya di renovasi?,pindah rumah dapur renovasi,neutral,positive
Duh mantul,mantul,neutral,positive
cobain roti sweety putri padang kak,cobain roti swety putri padang,neutral,positive
Who is this woman,this woman,neutral,neutral
Batlle Dubai Cokelat versi Cake Jar nya dong,batle dubai cokelat versi cake,neutral,positive
makeup nya cantik ka,makeup cantik,positive,positive
Enaknya itu beli di mana dong,enak beli,negative,positive
Aku gk suka nasi kuning,suka nasi kuning,positive,positive
yummy...yummy...yummy,yumy yumy yumy,neutral,positive
Kakk maaf bgt bukannya daging Ham itu haram? 5:46,banget daging haram,positive,positive
"Kak harus cobain otak"" Khas makassar",cobain otak khas makasar,neutral,positive
Candu banget di menit 3:05ğŸ¤£ğŸ¤£,candu banget menit,positive,positive
"kak pebbi, aku pernah makan kue nagasaki rasa blueberry, disekolahku ada, tapi aku kelas 4b, di mi islamiyah, dan aku belinya di ma islamiyah karena deket mi dan ma deket banget kak pebbi, aku suka blueberry, aku belum pernah makan rasa mangga, coklat dan stroberi, aku suka rasa blueberry, enak banget pebbi, 10/10",pebi makan nagasaki bluebery sekolah kelas islamiyah beli islamiyah deket deket banget pebi suka bluebery makan manga coklat stroberi suka bluebery enak banget pebi,positive,positive
Ci kalau yang halal yang warna ijo ya kalau yang tidak halal yang warna merah ya,halal warna halal warna merah,neutral,neutral
Kakk cobainnn yang lagi viral seblak njadoull yang kerupuk orennnâ¤,cobain viral seblak njadoul kerupuk oren,neutral,neutral
Cino jowoâ¤,cino jowo,neutral,positive
Sedetail itu kak tasyi klo review suka bgt aku asli lope kak tasyi ğŸ’•,detail tasyi review suka banget asli lope tasyi,positive,positive
Arie nisa udh nyoba bli mkan bolu ketan pas anniv,arie nisa nyoba mkan bolu ketan aniv,neutral,positive
mirip cia sunpah,sunpah,neutral,positive
Waduhh mantep wajib datang nihâ¤,waduh mantep wajib,neutral,positive
"Kak sorry oot, buat tutorial pashmina tutup dadanya dong...itu pashminanya kk yg biasa atau emg harus yg panjang?",sory tutorial pashmina tutup dada pashminanya,negative,neutral
Cipuknya goreng dlu plsss,cipuknya goreng,neutral,positive
Dinda love u gemez dech,dinda love gemez dech,positive,positive
aku nyobain resep viral original dari ka itsfriday selalu cepet banget ludes ayamnya di rumah karena comforting juga,nyobain resep viral original itsfriday cepat banget ludes ayam rumah comforting,neutral,positive
Udh prnah coba oifyoo???,prnah coba oifyo,neutral,positive
Cobain cimod kak sama ayam itsfryday,cobain cimod ayam itsfryday,neutral,positive
nashvilla hot mozarella ka tasyi,nashvila mozarela tasyi,positive,positive
Lawson emang seenak itu kakğŸ˜­ğŸ˜­,lawson emang enak,neutral,positive
Ka coba battle mochi dri yg murah smpe yg mahal,coba batle mochi murah smpe mahal,neutral,positive
Dimana itu kk ğŸ˜…,mana,neutral,neutral
"Pengumuman.......
In Sya Allah Bayu nanti ada usaha kosan 20 pintu di dkat kmpus B Uin Jakabaring Palembang di tmpt tmpt yg strategis",umum alah bayu usaha kosan pintu dkat kmpus jakabaring palembang tmpt tmpt strategis,negative,positive
Bisakah makan tangan kiri?ğŸ˜…,makan tangan kiri,negative,positive
sekilass miripp kaa iciss kaağŸ˜Š,sekilas mirip icis,neutral,positive
Coba rivyu roti swety putri padang kak,coba rivyu roti swety putri padang,neutral,neutral
Btw ga sama mas bucin kahh,ngomong ngomong bucin,positive,positive
"Yg lobster itu, wkwkw ngingetin sama babycrab sama kripik kaca. Tajem dan gak bisa dimakan. Gada rasa lagi wkwkwwk mungkin gue apes kali ya haha",lobster wkwkw ngingetin babycrab kripik kaca tajem makan gada wkwkwk apes kali haha,negative,positive
Donat banyak yang jual sama risol cireng juga tapi jauh dari rumahğŸ˜¢,donat jual risol cireng rumah,neutral,positive
IHHH ADA MBA BULANN,bulan,neutral,neutral
Kakak cocok jadi idol,kakak cocok idol,neutral,positive
Telatttt ğŸ˜¢,telat,neutral,neutral
Ini India Indonesia Muslim ya,india indonesia muslim,neutral,neutral
Tidak cocok untuk saya yang kaum mendang mending heheh,cocok kaum dang mending heheh,neutral,positive
Nasi kuning sama ayam goreng,nasi kuning ayam goreng,neutral,positive
Suka sm papanya sll support dan ikutan makan.. hihihi..kompak selalu yaa,suka papa suport ikut makan hihihi kompak,positive,positive
Bosen,bosen,neutral,neutral
Bakso maudi mahal kaliğŸ˜‚,bakso maudi mahal kali,negative,positive
bluder biasanya teksturnya tuh parpaduan roti dgn bolu.,bluder tekstur parpaduan roti bolu,neutral,positive
Kalau 55ribu pn sangup aku beli sbb udang nya bsar HAHAHAH,5ribu sangup beli udang bsar hahahah,neutral,positive
"review minuman klapa gococo, medcoco, pokokny yg klapa kaaa, yukbisayukk!!!!!!",review minum klapa gococo medcoco pokokny klapa yukbisayuk,neutral,positive
"Pasti nggak pernah 
Paru Goreng + fresh sambal mentahan + kubis Goreng",paru goreng fresh sambal mentah kubis goreng,neutral,positive
Aku suka,suka,positive,positive
"Kak battle saus keju dong , sejauh ini susah cari saos keju yang enak",batle saus keju susah cari saos keju enak,neutral,positive
Kak jangan banyak2 makan mixue ada yang haram tau kak,banyak2 makan mixue haram,negative,neutral
Yg ke2 itu pakai migelas baru enak kk,pakai migelas enak,neutral,positive
itu artis korea pemain film di true beauty bukan siihh,artis korea main film true beauty,neutral,positive
Tasyi perfect disini cantik banget,tasyi perfect cantik banget,positive,positive
Jual donat mahal banget hanya dengan menjual namanya sebagai artis dan ga profesional banget. Masa tiba-tiba cancel. Bilang ada fast track tapi orang mau bayar fast track tapi ga ada kejelasan juga. Ga respon juga waktu chat WA. Ini orang ga siap banget jualan.,jual donat mahal banget jual nama artis profesional banget cancel bilang fast track orang bayar fast track jelas respon chat orang banget jual,negative,positive
Kak tasyi itu yg kue kentut kita di pontianak sebutnya OW THO harga perpcs nya biasa 5ribu.,tasyi kentut pontianak harga perpcs 5ribu,neutral,positive
Lemper holand bakery memang uenaaaak â¤,lemper holand bakery uenak,neutral,positive
VELIAA AK FANS BERATT MUUâ¤â¤,velia fans berat,neutral,positive
kok g pernah kliatan di IG kak,kliatan,neutral,neutral
Aku yang mau coba mi aceh yang katanya rasa kalajengking tp aku gk tau rasa kalajengking gimanağŸ˜¢,coba aceh kalajengking kalajengking gimana,neutral,neutral
PRJ emang mahal2 padahal jajanannya sama kyk pasar MLM biasağŸ˜…,emang mahal2 jajan pasar,neutral,positive
Kak kangen makanan rating terburuk di Shope bikin lagi kak â¤,kangen makan rating buruk shope bikin,negative,positive
Lemper Holland bakery,lemper holand bakery,neutral,positive
Kan kata kakak lagi di aspas tapi pesen makanany gimana??ğŸ˜…ğŸ˜…,kakak aspas makanany gimana,neutral,positive
Ooh masyllah bangtâ¤ kk,masylah bangt,neutral,positive
"KAA MAMPIR GA KE UPTOWN PARK SMS DEKET KAN SAMA RUMAH KAMU, CARI DURIAN KELILING ADA AKUâ¤ï¸",mampir uptown park deket rumah cari durian keliling,neutral,positive
Jualanya iput ngga mau coba bang?,jualanya iput coba bang,negative,positive
Bang coba risol padilo,bang coba risol padilo,negative,positive
"Kmren sy beli bebek sama udah saus mentega cuma kurang enak ci
Liat cici mh enKğŸ˜",kmren beli bebek saus mentega enak liat cici,positive,positive
Baru tau kalau dipontianak ada kue kentut ğŸ˜‚,dipontianak kentut,neutral,positive
cobain cirengnya chef mamut,cobain cirengnya chef mamut,neutral,positive
Akhirnya kak pebby ngomong nenas ğŸ˜‚ğŸ˜‚,peby ngomong nenas,positive,positive
Mahal naget nyağŸ˜¢,mahal naget,negative,neutral
Ci review Lumiere dong plisğŸ˜Œ,review lumiere plis,positive,positive
Kak mna resep donut labunya,resep donut labu,negative,positive
Apa cuman aku ya yang nyadar kalo kak Pebbi mirip sama kak cucuapho ğŸ§,cuman nyadar pebi cucuapho,neutral,positive
chitato sama yogurt plain enak,chitato yogurt plain enak,neutral,positive
"Putri mandi tuh tekstur nya kyk pisang ijo kak peb bedanya pisangnya di ganti klepon gtu jdinya klo putri mandi bubur sum"" sama klepon aja klo asli hrsnya buburnya gk se gelatin gtu kak jdi kyk bubur tekstur nya kyk punya kak sibung""",putri mandi tekstur pisang beda pisang ganti klepon jdinya putri mandi bubur klepon asli hrsnya bubur gelatin bubur tekstur sibung,neutral,positive
please tasyi review donat bibblebake dong penasaran banget worth it ga dengan harga 20an ğŸ™ğŸ»,tolong tasyi review donat biblebake penasaran banget worth harga 20an,positive,positive
Kak coba in lukcup,coba lukcup,neutral,neutral
Masyllah bnr2 Enk bang kk,masylah bnr2 bang,negative,positive
"Ka tasyi coba dong indomie dari kalsel. Rasa Soto banjar yg biru sama soto banjar limau kuit. Terus indomie goreng kalimantan juga. Soalnya indomie goreng kalsel beda dengan beberapa pulau lainnya ka. Kalau kalsel sama, sama pulau apa gitu ka. Cabenya indomie kalsel pakai cabe bubuk. Kan ad yg pakai cabe saos. Coba deh ka. Soto banjar limau kuit itu enakkkkk banget",tasyi coba indomie kalsel soto banjar biru soto banjar limau kuit indomie goreng kalimantan indomie goreng kalsel beda pulau kalsel pulau cabe indomie kalsel pakai cabe bubuk pakai cabe saos coba soto banjar limau kuit enak banget,neutral,positive
Kak coba makan dimsumnya kak  isfredy yang jumbo dong,coba makan dimsumnya isfredy jumbo,neutral,positive
Bang lingga pacar aku bang,bang linga pacar bang,negative,positive
chitato + nasi selalu aku makan klo laper malem' ğŸ˜,chitato nasi makan laper malem,neutral,positive
Kak bole tanya gk,bole,neutral,neutral
Haha nilainya merendahkan ğŸ˜Œ,haha nilai rendah,negative,positive
Anjay cuaks slebeww Wakwaw,anjay cuaks slebew wakwaw,neutral,positive
Cobain gedhang gendhut by gendudgurl kak no alot2ğŸ˜ğŸ˜ğŸ˜,cobain gedhang gendhut gendudgurl alot2,neutral,positive
Make up ka tasyi yg ini cocok bgt ama ka tasyi suka bgt lihatnya masya Allah cantikâ¤,make tasyi cocok banget tasyi suka banget lihat masya alah cantik,positive,positive
"Aq adalah korban pecinta crystaline ala kak tasyi, sumpah ya dlu gk prnh milih brand itu, smnjak kak tasyi review dan approve aq lgsg beralih ke crystaline, mana enak, murce lg ğŸ˜‚",korban cinta crystaline tasyi sumpah prnh milih brand smnjak tasyi review aprove lgsg alih crystaline enak murce,positive,positive
Syukaa outfutnya mba mia iniâ¤ gamisnya simple  kyk addemm gituğŸ˜Š,syuka outfutnya gamis simple adem gitu,negative,positive
Itu yg bolu dilapisin mochi aku pernah beli satu bungkus nya 2rb an ğŸ˜Š,bolu dilapisin mochi beli bungkus,neutral,positive
Ka aku udah subscribe mana hadiah ku,subscribe hadiah,neutral,neutral
Wow makanan sultan semuağŸ˜¢,makan sultan,negative,neutral
24 jam makan solaria. Dah pernah blm si ce?ğŸ˜‚,makan solaria,negative,positive
Lh trs makanan nya beli di mna klok jalannya di aspalğŸ¥²,makan beli klok jalan aspal,negative,neutral
Kak coba makan serba Holland bakeri,coba makan serba holand bakeri,neutral,positive
Amis tidaknya ikan itu tergantung bumbu yang dipake.,amis tidak ikan gantung bumbu dipake,negative,positive
"cimood nya maudy kak, dimsum jinji, ayam goreng baput",cimod maudy dimsum jinji ayam goreng baput,neutral,positive
Kak cobain ayam goreng garlic nya kak itsfryday dong,cobain ayam goreng garlic itsfryday,neutral,positive
Kak cobain coklat falala dong ada loh dibali,cobain coklat falala,neutral,positive
Ka tasyi review udang tofu la rimba yang setuju kak tasyi review ini komen,tasyi review udang tofu rimba tuju tasyi review komen,positive,positive
"Seenak apasih donatnya, sampe pada fomo gtuğŸ˜‚",enak apasih donat sampe fomo,negative,positive
tim yg ga peduli apapun org ngmg skli sukak ya sukak krna seruuğŸ˜‚,peduli ngmg skli sukak sukak krna seru,positive,positive
Bikin video mukbag cireng ndutts fahry tiktokers dong kak,bikin video mukbag cireng nduts fahry tiktokers,positive,positive
"lalap platter nya kurg puas..
soalnya kebanyakan makan nugget nya bukan lalap nya..
jd ga sesuai sma nama nya "" lalap platter """,lalap plater kurg puas banyak makan nuget lalap sesuai nama lalap plater,neutral,positive
Chikuro kesukaanku,chikuro suka,positive,positive
Nasi chitato mah makananku waktu tanggal tua,nasi chitato makan tangal,negative,positive
"Ci ,makan apapun kok badannya gk gemuk ya ,minum pelangsing apa ya ,ci ..?",makan badan gemuk minum langsing,neutral,neutral
"kak semoga kakak baca komen aku ya wkwkwk suka banget sama konten kakak tentang review makanan gini, krna menurut aku ka tasyi nih tau banget yg emang menurut kita murah loh, pdhal duit dia banyaaakkkk, bukan yg murah bagi orkay, tp murah bagi aku yg low budget gini kalo jajan wkwkwk kaya donat 14rb dia blg mahal ya bener, mahal menurut aku maap ya aku emg kaum mendang mending, disini ada donat susu cuma 6rebu doang dan penampakannya persis kaya gitu juga. jd ka tasyi nih kaya pro kaum mendang mending kaya aku ğŸ˜­ğŸ˜­ğŸ˜­ sukses terusss ya ka tasyi kontennya ğŸ˜",moga kakak baca komen wkwkwk suka banget konten kakak review makan krna tasyi banget emang murah pdhal duit banyak murah orkay murah budget jajan wkwkwk donat 14rb mahal bener mahal kaum dang mending donat susu 6rebu tampak persis tasyi kaum dang mending sukses terus tasyi konten,positive,positive
"Awal nya mau heran..dari mana dtg nya sate padang kalau ga bisa keluar..


Ahmungkin tukang sate Padang nya rela injak aspal ğŸ˜‚ğŸ˜‚",heran sate padang ahmungkin tukang sate padang rela injak aspal,neutral,positive
kak tasyi itu di pim di  mana,tasyi,positive,positive
Jagalah kesihatan bukan semua makanan manis pun mau di bedal,jaga kesihatan makan manis bedal,neutral,positive
kok koyok mama mega yo,koyok mama mega,neutral,positive
Penonton setiaa mana suaranyaa,tonton setia suaranya,neutral,positive
Kak cobain ayam goreng bawang putih dong plis,cobain ayam goreng bawang putih tolong,neutral,positive
Semua mie warna nya kuning kak ğŸ˜‚ğŸ˜‚ğŸ˜‚,warna kuning,neutral,neutral
"jngn keseringan makan salmon mentah diindonesia. salmon diindonesia semuanya udah udah proses pembusukan, karna proses pengiriman yg lama, kecuali kalau beli salmon masih hidup dipotong depan mata.

salmon batu dipotong fresh itu gak ada amis , rasanya manis dn segar bgt.
resto bintang 7 sekalipun kadang kalau diindonesia beli ikannya mati bukan hidup. ikan mati meaki dikirin frozen, sebeku2nya juga nyampe indonesia pasti udah gak fresh dan gak beku2 amat, baikny salmon mateng, mateng aja kadang amisnya bukan main. sehat2 ya km",jngn sering makan salmon mentah indonesia salmon indonesia proses busuk karna proses kirim kecuali beli salmon hidup potong mata salmon batu potong fresh amis manis segar resto bintang kadang indonesia beli ikan mati hidup ikan mati meaki dikirin frozen sebeku2nya nyampe indonesia fresh beku2 baikny salmon mateng mateng kadang amis main sehat2,negative,positive
"Pas aku liat chees cake mochi nya kok ada warna ijo ijo gitu yaa? , aku kira chees cake mochi nya udah berjamur tapi kalo udah berjamur kenapa di makan kak pebby ya",liat ches cake mochi warna ches cake mochi jamur jamur makan peby,neutral,positive
Kue kentuk tu 1 pcs biasa seharga 3000 untuk kota singkawang kalbar,kentuk harga kota singkawang kalbar,neutral,positive
KA di aku lemper 2000an,lemper 20an,neutral,neutral
Selalu saflok sama baju2nyaâ¤,saflok baju2nya,neutral,positive
Gue seneng nya itu sama cci inih klw makan slalu barangan mau sama pak supir atau sama mb mb nyah ga membeda bedakan kaya teh gina sama satu lagi yang nama akun nya bung bung mereka slalu kompak beda sama yang sebelah,neng inih makan slalu barangan supir nyah beda beda gina nama akun slalu kompak beda belah,negative,positive
Pecel,pecel,neutral,positive
"Seneng bgd sama kak Tasyi soalnya dia tuh ngutamain kaum krg menengah ke bawah dari pembawaan dia slama iniâ€¦ dari pembawaan dan kata2 dia rekomendasi dia
Yg slalu salut sma yg makanan/mnuman brand yg ga gt mahal tapi enak mending beli yg bla bla blaâ€¦â¤",neng banget tasyi ngutamain kaum tengah bawa slama bawa kata2 rekomendasi slalu salut makan mnuman brand mahal enak mending beli,positive,positive
Paling suka kalok kak tasyi lagi reviewğŸ«°ğŸ»,suka kalok tasyi review,positive,positive
Kak cobaa makan cabe gendot teh santii,coba makan cabe gendot santi,neutral,positive
"Aku malah terhibur kalo ada dinda sama kaylan soalnya lucu aja gt , seringÂ² bikin konten sama mereka kak seru bikin ngakak trss",hibur dinda kaylan lucu bikin konten seru bikin ngakak,positive,positive
Dindaaaa seru bgttttâ¤,dinda seru,positive,positive
Kak cobain dimsum jinji enak tau kağŸ˜Š,cobain dimsum jinji enak,neutral,positive
kak Feby cobain PERMEN MUSIKK  yang bisa nyala kalau di makan,feby cobain permen musik nyala makan,neutral,positive
Kak aku tantang 24 jam coba semua makanan dari mollysnaks udh sub nih kak,tantang coba makan molysnaks,neutral,positive
"ASSALAMUALAIKUM MAKSUD ABANG NYA INI ITU MINUMANNYA YANG HARAM YA JADI MAKSUDNYA CIS CIS HARAM SEKALI ITU MINUMAN NYA YANG HARAM 
BUKAN LAGU NYA YANG HARAM
SEKIAN TERIMAKASIHğŸ™ğŸ™ğŸ™",asalamualaikum maksud abang minum haram maksud haram minum haram lagu haram sekian terimakasih,neutral,neutral
Kak pebby pulang demo nihh dari jktğŸ˜‚,peby pulang demo,neutral,positive
"cobain dongg kaaa

â€¢ pentol, baso maudy
â€¢ mie, cumi meldi",cobain dong pentol baso maudy cumi meldi,neutral,neutral
"Enduel- endul cita rasa jajanannya â¤â¤ğŸ‰,makasih Kak Tasyi udah notify kalau snack lobsternya rasanya kayak kaca pecah waduh bisa bikin gusi sobek jadi infeksi donk.",enduel endul cita jajan makasih tasyi notify snack lobster kayak kaca pecah bikin gusi sobek infeksi donk,positive,neutral
NgilerğŸ¤¤ğŸ¤¤,ngiler,positive,neutral
Ga shanggup sate padang sama mieeeeee,shangup sate padang,neutral,positive
Kak pebby mirip sama kak cucuapho,peby cucuapho,neutral,positive
BAKSO 90 ribuuu??? wahhh,bakso ribu,neutral,positive
"Pernah dikasih kepiting, tapi penjualnya gabisa ngolah, walhasil rasanya gaenakğŸ˜¢",kasih kepiting jual gabisa ngolah walhasil gaenak,neutral,positive
"kak tasyii, coba review opor susu legenda punya nya jo streamer game",tasyi coba review opor susu legenda streamer game,positive,neutral
Kak makan makanan yang kakak gak suka/kurang suka dong,makan makan kakak suka suka,positive,positive
TPI enkkk isiinyaa banyakkk puassss,isinya banyak puas,neutral,positive
"Kak...kan pernah review susu coklat.Boleh gk k...review Chocholate drink yg emang Mantaph rich mahal.Misal Caotina swiss choco ,delfi,cadbury,starbucks,CY ,dll.Sgala choco powder drink yg Mahal taste nya..tp bukan tipe chocolatos ğŸ˜‚kali kali review yg sultan k",review susu coklat review chocholate drink emang mantaph rich mahal caotina swis choco delfi cadbury starbucks sgala choco powder drink mahal taste tipe chocolatos kali kali review sultan,negative,positive
coba pani puri,coba puri,neutral,positive
Menyala dompetku ğŸ”¥ğŸ”¥ğŸ”¥ğŸ”¥terbakar ini mh jebol buat beli dessert mehong kek gni mending bkin sendiriğŸ˜…ğŸ˜…ğŸ˜…,nyala dompet bakar jebol beli desert mehong mending bkin,negative,positive
seru bgtttt!!! kakkkkk ^____^,seru,positive,positive
Cobain pentol kak Maudy kak,cobain pentol maudy,neutral,neutral
aku suka bakso,suka bakso,positive,positive
waitt.. ham and cheese??? ham apa beefffff??,wait chese,neutral,neutral
Mertuanya lagi mantau bagaimana reaksi menantunya ğŸ˜…,mertua mantau reaksi menantu,negative,positive
Ci cobain Jajanan Iput Cii,cobain jajan iput,neutral,positive
Itu semuanya halal gk ciiiiiiii,halal,neutral,neutral
Iga bakar Makassar the best â¤,bakar makasar best,positive,positive
ditunggu upload selanjutnya yaa ciii,tungu upload,neutral,neutral
3rb an paling mahal kak,mahal,negative,neutral
Mana resep cabe gendotnya ka,resep cabe gendotnya,neutral,positive
Kak. Coba chelens makanan serba Garuda food,coba chelens makan serba garuda,neutral,positive
Pokoknya habis makan sebelum nonton ka tasyiâ¤ğŸ¤©,pokok habis makan nonton tasyi,positive,positive
"Ya allah ceeee wetenge ra bek ta , paling sing di maem mek suitik suitik yooooo heheheeee.... jd pengen makan bareng senenggg ndelok carane maem ma ngomonge ra julid opo maneh nek ngomong.. mooh aq gak cocok",alah wetenge sing maem suitik suitik hehehe makan bareng seneng ndelok carane maem ngomonge julid maneh ngomong cocok,negative,positive
3:20 gila sih pemerasan berkedok jualan donat gasih ğŸ˜‚,gila peras kedok jual donat gasih,neutral,neutral
Kak kakak makan nya pakek tangang kiriğŸ˜¢,kakak makan pakek tangang kiri,negative,positive
"KAKK, COBAIN JALEBI DONGG, KRENYES BGT ENAK LIATNYAğŸ˜‚ğŸ˜‚, SEMANGAT KAA",cobain jalebi dong krenyes banget enak liat semangat,positive,positive
Link pangsitnya kkğŸ™,link pangsit,neutral,neutral
Wiii enak bgt tuh kak,enak banget,positive,positive
"Hari gini pembuatan jalan ditempat saya sudah tidak diaspal lagi, tapi dgn cara dicor sebab pembuatan jalan dgn cara dicor akan lebih kuat dan lebih tahan lama.",buat jalan tempat aspal buat jalan kuat tahan,neutral,positive
Kalo makan moe sepuasnya cuman bayar segitu aku sih pasti selalu bolakÂ² kesana ğŸ˜‚,makan puas cuman bayar segitu bolak kesana,neutral,positive
Aku ga skip iklan krn seru bgttttt ada dindaaaa ğŸ˜‚ğŸ¥°ğŸ˜â¤ pliss bikin lagi ada kay jugaaaaaa ğŸ™ğŸ»,skip iklan seru dinda tolong bikin juga,positive,positive
"Untuk bolu ketan sebesar itu se enak itu sih worth it banget, oke bgt harga segitu",bolu ketan enak worth banget banget harga segitu,positive,positive
Ka bikin konten beli jualan live org yang sepi dong kakğŸ˜Š,bikin konten beli jual live sepi,neutral,positive
KA kali kali beli rendang KA Eko dan kayes dong,kali kali beli rendang kayes,negative,neutral
Prodak dari lianggui cobain yang nouget manggo nya ka enakğŸ¤¤,prodak liangui cobain nouget mango enak,neutral,positive
Seneng lihat kamu makan,neng lihat makan,positive,positive
Kak itu makaroni ko engga yg kuntilanak yg merah,makaroni kuntilanak merah,neutral,positive
Kak cobain cireng Sanrio dong,cobain cireng sanrio,neutral,positive
"akhirrnya upload, kirain udh lupa punya channel youtube ğŸ¤¬ğŸ¤¬ğŸ¤¬",akhirnya upload kirain lupa chanel youtube,positive,positive
"anjir banget komennya tasyi ini bikin ngakak ""makan keripik kaca versi berbahaya""",anjir banget komenya tasyi bikin ngakak makan keripik kaca versi bahaya,positive,positive
Dimsum jinji engga bang,dimsum jinji bang,negative,positive
"kak janeeee please konten makan 24 jam bareng kak erwinn, seru tauuu aku suka nontonin sambil makaan",jane tolong konten makan bareng erwin seru suka nontonin maka,positive,positive
kaaakk bettle minuman coklaaaaattt,betle minum coklat,neutral,positive
Cobain ayam goreng bawang putih mbalaaa,cobain ayam goreng bawang putih mbala,neutral,positive
Asisten nya keenakan dpt mkn gratis trus,asisten enak gratis,neutral,positive
Cobain nasi goreng tambah roti kak,cobain nasi goreng roti,neutral,positive
Kak sebaiknya boycott ya untuk membantu saudara muslim kita di Palestina terimakasih,boycot bantu saudara muslim palestina terimakasih,negative,positive
ketawa bgt pas panda nya inframe karna dinda ğŸ˜‚,ketawa banget panda inframe karna dinda,positive,positive
Ka itu kaka pindah rumah lagi,kaka pindah rumah,neutral,positive
Kak cobain fufu enak begete,cobain fufu enak begete,neutral,positive
"Knp sih orgÂ² doyan banget pedesğŸ˜­ğŸ˜­
Gw kena biji cabe aja nangisğŸ—¿ğŸ—¿",doyan banget pedes kena biji cabe nang,neutral,positive
Kapan ya ada acara begini di desağŸ˜‚,acara desa,neutral,neutral
Baso Gorengku juga padet kak,baso goreng padet,neutral,positive
ci lama bgt up nyağŸ¥º,banget,positive,positive
kak cobain kue ey ey,cobain,neutral,positive
Berani ga rivyu jualan ny KA pinat pasti ga berani kwkwkw,berani rivyu jual pinat berani kwkwkw,neutral,positive
Saling mendukung pekerjaan tinggal nunggu konten dikontenin,dukung kerja tingal nungu konten dikontenin,neutral,positive
"Cireng nya nizar dh dicobain
Kalo blm kapan di cobain",cireng nizar dicobain cobain,neutral,positive
Review donat juga ka dari harga rendah sampe tinggi soalnya yang komen juga suka banget,review donat harga rendah sampe komen suka banget,positive,positive
Bikin ngiler ğŸ¤¤ğŸ¤¤,bikin ngiler,positive,positive
Ditunggu yaaaa dinda sama kay di depan kamera wkwk,tungu dinda kamera wkwk,neutral,neutral
ga ada yg gua kenal anjay,kenal anjay,neutral,positive
kakk Tasyii battle yoghurt dongg,tasyi batle yoghurt dong,neutral,positive
Salfok sama bumbu mie nya pas di tuang kayak eek mencret ğŸ˜­ğŸ˜­ğŸ˜­ğŸ˜­,salfok bumbu tuang kayak mencret,negative,positive
"cuma ka tasyi yg aku percaya review jujur soalnya ketauan ayam renald aja bumbunya dikit pasti renal ga tau kalo yg beli ka tasyi, kalo tiktoker yg makan bener bener melimpah bumbunya. Kepala kakap menurutku kemahalan si. Ka tasyi next review resto remboelan dong",tasyi percaya review jujur ayam renald bumbu dikit renal beli tasyi tiktoker makan bener bener limpah bumbu kepala kakap turut mahal tasyi next review resto remboelan,positive,positive
Kak cobain warung ayah ojak dong,cobain warung ayah ojak,neutral,positive
Baru buka nih chikuro di kota aku ğŸ˜,buka chikuro kota,neutral,positive
yang kedua sama yang ketiga enak sih tapi yang pertama gak berani coba gua,tiga enak berani coba,neutral,positive
"Kak, battle sosis keju muncrat yg halal, pleaseeee â¤â¤â¤",batle sosis keju muncrat halal please,neutral,positive
bakso maudyyyyyy,bakso maudy,neutral,positive
Coba dibikin resep chikuro nya donk kak,coba bikin resep chikuro donk,neutral,positive
Kak Mia udah pernah cobain keripik mie gulung belum?,cobain keripik gulung,neutral,positive
"Eighteen coffee di bandung sis, bukan jakarta ğŸ˜",eighten cofe bandung jakarta,neutral,positive
Nsi chitato sebelum ada hack udh gue lakuin klo demam cuma mau mkn itu,chitato hack lakuin demam,neutral,neutral
Asik mbak..lanjutkan,asik mbak lanjut,neutral,positive
waow,waow,neutral,neutral
Seru abisssâ¤,seru abis,positive,positive
Coba makaroni di celup pin teh anget,coba makaroni celup anget,neutral,positive
Kak next cobain jualan nenek blonde,next cobain jual nenek blonde,neutral,positive
RenaldifadillahğŸ˜‚,renaldifadilah,neutral,positive
Gue sih mending makan es krim ditambah roti.,mending makan krim tambah roti,negative,positive
Suka banget kontennyaa kak tasyiii. Detail dan tetap seruuu,suka banget kontenya tasyi detail seru,positive,positive
"Kalo menurut aku
Roti o campur kopi Regal ratting nya 1000/10
Dan kalo mie goreng campur bumbu sate belum pernah jadi GK di ratting dulu
Tapi kalo wolens coklat campur ultra milk ratting nya 10/10

Edit:mksh 1 like nyağŸ‰
(Padahal like sendiri)",roti campur kopi regal rating goreng campur bumbu sate rating wolens coklat campur ultra milk rating edit mksh like like,neutral,positive
Kok mirip intro ka nizar ya?,intro nizar,negative,neutral
6:39 suka banget motto kak tasyi iniğŸ¤£ğŸ‘ğŸ¼,suka banget moto tasyi,positive,positive
Aku udah Bunda aku bingung karena aku habis 1.000 JT karena enak enak lhoğŸ˜…ğŸ˜…ğŸ˜…,bunda bingung habis enak enak,neutral,positive
Ka cobain kopi goday warna merah dikasi air kisaran 100 ml sisanya pake susu ultra full cream,cobain kopi goday warna merah kasi kisar sisa pake susu ultra cream,neutral,positive
pas cabenya nyangkut lucu banget kwowkowkwok,cabe nyangkut lucu banget kwowkowkwok,positive,positive
KAK TASYI BIKIN RESEP BROWNIES LUMER NYA DONG,tasyi bikin resep brownies lumer,positive,positive
Mba nanakoot aku mbo yo ditraktir makan...,nanakot traktir makan,negative,neutral
3:41 aku udah pernah coba enak banget ğŸ‰,coba enak banget,positive,positive
Loh kok doyan makan ulet jahahahha ngakakğŸ˜­ğŸ˜­ğŸ¤£ğŸ¤£,doyan makan ulet jahahaha ngakak,neutral,positive
kakkk konten rating terburuk shopee lagiii,konten rating buruk shope lagi,neutral,neutral
Sama dong jalan Masi diaspalğŸ˜€,jalan aspal,negative,positive
pengennn yg battle dong k tasyi,pengen batle tasyi,positive,positive
ka review barang online shop rating terburuk lagii â¤â¤,review barang online shop rating buruk lagi,negative,neutral
"Dia abis 85k buat lunch, emng tim nya gak pernah dikasih apa? Perasaan kaya suka makan sendiri",banget lunch emng kasih suka makan,positive,positive
"Gw nyariin kyk ada yg beda muka nya. Jauh lebih cantik, gw kira oplas. Ternyata pake soflens coklat. Yg kyk CANTIK BGT di banding pake warna warna gonjreng.",nyarin beda muka cantik oplas pake soflens coklat cantik banget banding pake warna warna gonjreng,positive,positive
penonton setia kak tasyiâ¤ï¸,tonton setia tasyi,positive,positive
Tiktok mulu kak coba fyp youtube pleaseee........ Semoga dijawabâ¤,tiktok mulu coba youtube please moga,neutral,neutral
mau seenak apapun tuh kue kalo terlalu manis udah silahkan masuk tong sampah,enak manis silah masuk tong sampah,neutral,positive
Pas ak liat walpeper itu tanggal20 september itu pas ultah aku kaget bgtğŸ‰ğŸ‰ğŸ˜‚ğŸ˜‚ğŸ˜‚ğŸ˜Š,liat walpeper tangal20 september ultah kaget,negative,positive
Nama gua lingga,nama linga,neutral,neutral
Wah moon ga youngğŸ˜­ğŸ˜­,young,neutral,neutral
kaa spill resep bolen pisang coklat keju,spil resep bolen pisang coklat keju,neutral,positive
Next battle lauk2 pedas â˜ºï¸,next batle lauk2 pedas,neutral,positive
not a fan of tasyi as a person but i'm always SIT for her food contents ğŸª‘ her review will always be my favorite bc she's spitting facts and keeping it real!! those food influencers and bitter owners who claimed she ruined the business... get up ğŸ˜­ not her fault your business went down!,tasyi person always contents review always favorite spiting facts keping real those influencers biter owners claimed ruined busines fault your busines went down,positive,positive
Kak cobain basreng punya Trishazia dongg,cobain basreng trishazia dong,neutral,positive
Lah beli lewat ap kak kalo jalan di aspal ga bis lewat,beli jalan aspal,negative,positive
"Banyak subscriber baru nih, kalo aku jadi jesicca ga bakal jelasin lagi si wkwk cape",subscriber jesica jelasin wkwk cape,neutral,positive
"next cobain makan jajanan jadul sm Erwin, biar dia tau rasa coklat payung wkwkkwğŸ˜­ğŸ˜­",next cobain makan jajan jadul erwin biar coklat payung wkwkw,neutral,positive
ka cobainn dimsum jinji dong,cobain dimsum jinji,neutral,positive
Cireng gonjreng melody ex JKT48,cireng gonjreng melody jkt48,neutral,positive
Astaga,astaga,neutral,positive
kontennya skrg seru editor nya juga keren jdi gumushâ¤ï¸,konten seru editor keren gumush,positive,positive
cireng kuromi mbalaa,cireng kuromi mbala,neutral,positive
Turut berduka untuk Tasyi dan keluarga besar ğŸ™,duka tasyi keluarga,positive,positive
Aku pilih semuanya,pilih,neutral,neutral
bakso nya maudy sama basrengnya trifazia plisss,bakso maudy basrengnya trifazia plis,neutral,positive
kak cobain pisang ijo yang lagi viral dong,cobain pisang viral,neutral,positive
Kk gemoyyyğŸ˜…ğŸ˜…â¤,gemoy,neutral,positive
Kak  coba dong 24jam makan makanan Korea plisssssss,coba 24jam makan makan korea plis,neutral,positive
review pani puri kak,review puri,positive,neutral
Mall Ambassador msh rame nggak skrg? Terakhir kesana thn 2019,ambasador rame skrg kesana 2019,negative,positive
Ci sekalian makan makanan huruf K,makan makan huruf,negative,positive
Ka mau request dong cobain cake/bolu dari berbagi merk toko kue contoh global bunga bakery Michelle dll smoga di notice ya heheğŸ˜…,request cobain cake bolu bagi merk toko contoh global bunga bakery michele smoga notice hehe,neutral,positive
Awas tibo,awas tibo,neutral,positive
"waah mak nyuuusss,,,,, 
Enak tenaaaan",nyus enak tenan,neutral,positive
Gasuka sate padangğŸ˜µ,gasuka sate padang,neutral,positive
cobain pisang ijo 500 ribu ka,cobain pisang ribu,neutral,positive
Ada naruto diatas,naruto atas,neutral,positive
Kangen kak velia era ini,kangen,neutral,positive
Kok mirip nadia omara,nadia omara,neutral,positive
REVIEW MAKANAN DI AYAM PENYET SURABAYA KAK,review makan ayam penyet surabaya,negative,positive
ka coba makan edisi merah putih,coba makan edisi merah putih,neutral,positive
Kok diadukkkğŸ˜­,diaduk,neutral,positive
donat pinkan mambo,donat mambo,negative,positive
"donat pinkan mambo kakk pebbyy,  itu viral bgt coba review..",donat mambo peby viral banget coba review,neutral,positive
Keren ci review jujur walaupun masakan mertua jga ğŸ‘ğŸ»ğŸ™ğŸ»,keren review jujur masakan mertua,negative,positive
Urnak,urnak,neutral,neutral
"Ayam goyeng its friday, enakkkkkk!! Dahhh skrg klo binun masak apa, jalan ninja bgt ini ayam. Pake sambel apa aja endol",ayam goyeng friday enak masak jalan ninja banget ayam pake sambel endol,neutral,positive
Rapli ini yg pernah di indira ga sih?,rapli indira,neutral,positive
selanjutnya balut ğŸ—¿ğŸ—¿ğŸ—¿,balut,neutral,neutral
ajakin ka erwin jajan snack jadul ka jane,ajakin erwin jajan snack jadul jane,neutral,positive
"Aku malah suka ada dinda, jadi tambah berwarnağŸ˜‚",suka dinda warna,positive,positive
Makan lemper n pangsit juga tangan kiri..makan ramen..baru tangan kanan...ğŸ˜,makan lemper pangsit tangan kiri makan ramen tangan kanan,negative,positive
12343,12343,neutral,neutral
"Hack terakhir itu udah ada dr tahun 90an..ğŸ˜…ğŸ˜… bukan hal baru..Chitato + nasi, taro + nasi, chiki + nasi.. Emang deh tahun 90an itu banyak hal keren..Kecuali pemerintahannya yaa ğŸ˜…ğŸ˜…ğŸ˜…",hack 90an chitato nasi taro nasi chiki nasi emang 90an keren kecuali perintah,positive,neutral
Kayanya enak. Ya,kaya enak,neutral,positive
kemarin saya kesitu sep banget cii tinggal brpa toko aja yg buka,kemarin kesitu banget tingal brpa toko buka,positive,positive
"Cobain donat tempura kak, lagi virall juga tuh di tiktok",cobain donat tempura viral tiktok,neutral,positive
Iconic banget si suara pulingÂ² nya  ğŸ¶,iconic banget suara puling,positive,positive
Petit bite donk ka,petit bite donk,neutral,positive
Nyam nyaamâ¤â¤,nyam nyam,neutral,neutral
Ayoo kak upload YouTube lagi kangenn,upload youtube kangen,positive,positive
Kak kok dimakan sourdough nya? Bukannya itu ham ya? Ham kan babi kak,makan sourdough babi,neutral,positive
Kaka cantik bangett,kaka cantik banget,positive,positive
kakk pebbi cobain makaroni geroz,pebi cobain makaroni geroz,neutral,positive
Kak tasyi review cake yg di Indomaret ğŸ˜Š,tasyi review cake indomaret,positive,positive
makin mirip jennie blackpink ğŸ˜­ğŸ˜­,jenie blackpink,neutral,neutral
alah pembantu rumahkuh juga makanya semeja sama majikan biasa saja,alah bantu rumahkuh meja majikan,negative,positive
Aku piilih bakso mercon karna aku  suka keju,pilih bakso mercon karna suka keju,neutral,positive
"Kakkk, toss sama aku juga ga bisa minum, makan yang berbau matchağŸ˜…",minum makan matcha,neutral,positive
"Plissssss battle sambel cumi kemasan donggg
Yg setuju like komenn",plis batle sambel cumi kemas dong tuju like komen,neutral,positive
"gue suka model review kaya kak tasyi ini, bukan yang sesama tiktokers dibilangnya enak enakk dll tanpa ada masukan apapun",suka model review tasyi tiktokers bilang enak enak masuk,positive,positive
Ci bikin konten kuliner Nusantara,bikin konten kuliner nusantara,neutral,positive
Kagettt...Tiba tiba bgt putri malu,kaget banget putri malu,positive,positive
Mirip ka deta,deta,neutral,positive
"Kak , kakak kok makan pakai tangan kiriğŸ˜Š",kakak makan pakai tangan kiri,negative,positive
Kok minyak banyak sekali,minyak,neutral,positive
Akhirnya ad juga yang rating 10/10,rating,negative,neutral
"ka tasyi cobain yutuk dongg, garing nya enak, ga tajem kaya baby lobster",tasyi cobain yutuk dong garing enak tajem baby lobster,neutral,positive
Gue beneran shock bgt liat isi roti cimehong ğŸ˜­ Padahal kita beli njir gk minta,beneran shock banget liat roti cimehong beli njir,negative,positive
Ada makanan nya kak ghina,makan ghina,negative,positive
Cikuro emang dabesssss bgt!! Tau dari sebelum viralnya udah sering beli di Botani dan suka bgttt,cikuro emang dabes viralnya beli botani suka,positive,positive
"Jadi ngelir padahal gw udah makan 
Oh ya cowok kok neltart ğŸ˜…",ngelir makan cowok neltart,negative,neutral
Untuk bolu ketam item nya masih reasonable banget sih. Melihat melt cheese nya sebanyak itu,bolu ketam item reasonable banget melt chese,positive,positive
"Salfok sama makanan nya â
Salfok sama kukunyaâœ…",salfok makan salfok kuku,negative,positive
kue Nagasaki enakkkk,nagasaki enak,neutral,positive
Kak tasyi battle coklat dubai,tasyi batle coklat dubai,neutral,positive
Kak review coklat dubai under 100rb,review coklat dubai under 10rb,neutral,positive
wow mertuanya cs alm popo angke,mertua popo angke,negative,positive
Kk tasyi coba review ikan kakap barbie lubis ttbn medan,tasyi coba review ikan kakap barbie lubis medan,positive,neutral
Kak tasyi battle IKAN SARDEN dongsâ¤ğŸ˜‚ğŸ‰,tasyi batle ikan sarden dongs,neutral,positive
kak cobain makanan UMKM ajaa lbh wor it dan membantu mrekağŸ˜Š,cobain makan umkm bantu mreka,neutral,positive
Kue manco wijen kaa next vidioğŸ’‹ğŸ¤,manco wijen next vidio,negative,positive
Jen dimsum jinji emg identik gitu adonanya emg seperti itu,dimsum jinji identik adonanya,neutral,positive
BATTLE LAPIS LEGIT KA,batle lapis legit,neutral,positive
"Friends, add friends around us, don't be easily fooled, I've been a victim, you're sweet in front of me, you're sweet behind my back, you act like a sadist, my friend, but my girlfriend is being slowed down, sorry, sorry, sis",friends friends around easily foled victim swet front swet behind back like sadist friend girlfriend being slowed down sory sory,negative,neutral
Valid review,valid review,positive,positive
"Yg namanya seharian itu ada malamnya, lu malam gak makan?",nama hari malam malam makan,neutral,positive
Kak KK tinggalnya di canndr ya,tingal candr,neutral,positive
CIMOD maudy kak. Baso keju / pentol keju gtuu,cimod maudy baso keju pentol keju,neutral,neutral
Jangan lupa riview catering nya Pinkan Mambo sama ci mehong!!,lupa riview catering mambo mehong,neutral,positive
Brownies hampir $100 dollar? Brownies trbuat dgn coklat emas apa????ğŸ˜…ğŸ˜…ğŸ˜…,brownies dolar brownies trbuat coklat emas,neutral,neutral
ribet bgt orang2 prasaan b aja ini reviewnya asik2 aja juga semaunya,ribet banget orang2 prasan reviewnya asik2,positive,neutral
Pop corn itu enak banget sumpah tadi baru aku cobainğŸ˜‹ğŸ˜‹ğŸ˜‹,corn enak banget sumpah cobain,positive,positive
Kak coba makan makanan selai kastanye dongğŸ˜ŠğŸ‰,coba makan makan selai kastanye,neutral,positive
haloww aku penonton setia dari aku umur 9tahun sampe umur 14tahun sukaa banget nonton kakaaa apalagi sambil makanâ¤â¤,halow tonton setia umur 9tahun sampe umur 14tahun suka banget nonton kaka makan,positive,positive
Kak cobain bulduck pakai keju,cobain bulduck pakai keju,neutral,positive
LINGGA NAMA KAKAK AKU,linga nama kakak,neutral,positive
Maaf kak.. makannya kok pakai tangan kiri yaa,makan pakai tangan kiri,negative,positive
Cromboloni kak,cromboloni,neutral,neutral
"Kue PEPE tanpa K
Tiba2 muncul fotoku ğŸ˜­ğŸ¤£ğŸ¤£ğŸ¤£",pepe tiba2 muncul foto,neutral,positive
